image,length_mm,width_p50_mm,width_p95_mm,width_max_mm,area_mm2,pred_depth_mm,severity,repairs
11111.jpg,2670.2000000000003,0.5477200150489807,9.290180206298828,20.81336784362793,1124.4400000000003,3.423438990085227,Severe,Engineer review; Epoxy injection (structural); Staple/dowel stitching; Section repair/jacketing/FRP; Mitigate load/moisture
11112.jpg,1342.8000000000002,0.38199999928474426,2.738600015640259,6.572640419006348,465.3200000000001,10.485549925290321,Severe,Engineer review; Epoxy injection (structural); Staple/dowel stitching; Section repair/jacketing/FRP; Mitigate load/moisture
11113.jpg,2438.6,4.482880115509033,28.001157760620117,39.006126403808594,1672.4400000000003,1.190057874599539,Severe,Engineer review; Epoxy injection (structural); Staple/dowel stitching; Section repair/jacketing/FRP; Mitigate load/moisture
11114.jpg,1149.2,0.5477200150489807,6.126039981842041,13.794122695922852,481.9600000000001,10.926372044440361,Severe,Engineer review; Epoxy injection (structural); Staple/dowel stitching; Section repair/jacketing/FRP; Mitigate load/moisture
11115.jpg,840.0,0.38199999928474426,2.025160074234009,6.572640419006348,269.32000000000005,12.880112155548535,Severe,Engineer review; Epoxy injection (structural); Staple/dowel stitching; Section repair/jacketing/FRP; Mitigate load/moisture
11116-1.jpg,7317.6,1.4774399995803833,18.14571762084961,33.98113250732422,3681.7600000000007,-22.613310465835355,Severe,Engineer review; Epoxy injection (structural); Staple/dowel stitching; Section repair/jacketing/FRP; Mitigate load/moisture
11116-2.jpg,5975.200000000001,3.603720188140869,27.220291137695312,35.28728485107422,3771.7600000000007,-19.428101716730417,Severe,Engineer review; Epoxy injection (structural); Staple/dowel stitching; Section repair/jacketing/FRP; Mitigate load/moisture
11116-3.jpg,4361.8,1.6937201023101807,20.863927841186523,34.225494384765625,2325.6400000000003,-7.466779093543771,Severe,Engineer review; Epoxy injection (structural); Staple/dowel stitching; Section repair/jacketing/FRP; Mitigate load/moisture
11116-4.jpg,4962.8,2.5728800296783447,22.768339157104492,45.00300979614258,3039.2400000000007,-12.83841242554104,Severe,Engineer review; Epoxy injection (structural); Staple/dowel stitching; Section repair/jacketing/FRP; Mitigate load/moisture
11116.jpg,6209.400000000001,1.1460000276565552,22.889089584350586,37.46125793457031,2963.0000000000005,-15.832183329197719,Severe,Engineer review; Epoxy injection (structural); Staple/dowel stitching; Section repair/jacketing/FRP; Mitigate load/moisture
11117.jpg,1419.4,0.9297200441360474,9.90952205657959,17.41188621520996,642.0400000000001,9.35389099615449,Severe,Engineer review; Epoxy injection (structural); Staple/dowel stitching; Section repair/jacketing/FRP; Mitigate load/moisture
11118.jpg,6196.0,9.578081130981445,40.829063415527344,74.29325866699219,6061.920000000001,-32.01626367046298,Severe,Engineer review; Epoxy injection (structural); Staple/dowel stitching; Section repair/jacketing/FRP; Mitigate load/moisture
11119.jpg,1742.4,0.5477200150489807,5.3480000495910645,12.597563743591309,669.3200000000002,8.330553983425933,Severe,Engineer review; Epoxy injection (structural); Staple/dowel stitching; Section repair/jacketing/FRP; Mitigate load/moisture
11120.jpg,1936.0,0.5477200150489807,5.960319995880127,13.030122756958008,777.6800000000002,7.236424295714224,Severe,Engineer review; Epoxy injection (structural); Staple/dowel stitching; Section repair/jacketing/FRP; Mitigate load/moisture
11121.jpg,3630.4,8.583760261535645,32.87165451049805,53.95185089111328,3297.640000000001,-10.561855024050217,Severe,Engineer review; Epoxy injection (structural); Staple/dowel stitching; Section repair/jacketing/FRP; Mitigate load/moisture
11122-1.jpg,1417.0,0.38199999928474426,4.216040134429932,10.839241981506348,485.8400000000001,10.17658952592629,Severe,Engineer review; Epoxy injection (structural); Staple/dowel stitching; Section repair/jacketing/FRP; Mitigate load/moisture
11122-2.jpg,1656.4,0.38199999928474426,2.4577200412750244,5.8592000007629395,559.8400000000001,9.137004218894369,Severe,Engineer review; Epoxy injection (structural); Staple/dowel stitching; Section repair/jacketing/FRP; Mitigate load/moisture
11122-3.jpg,1424.8000000000002,0.5477200150489807,5.362040042877197,12.53296184539795,526.32,9.943747925189257,Severe,Engineer review; Epoxy injection (structural); Staple/dowel stitching; Section repair/jacketing/FRP; Mitigate load/moisture
11122-4.jpg,1657.0,0.38199999928474426,2.8397200107574463,8.100640296936035,559.9200000000001,9.135065935030077,Severe,Engineer review; Epoxy injection (structural); Staple/dowel stitching; Section repair/jacketing/FRP; Mitigate load/moisture
11122-5.jpg,1292.4,0.38199999928474426,2.0757200717926025,6.241199970245361,445.0400000000001,10.728717202972764,Severe,Engineer review; Epoxy injection (structural); Staple/dowel stitching; Section repair/jacketing/FRP; Mitigate load/moisture
11122.jpg,1245.4,0.38199999928474426,2.2414400577545166,6.572640419006348,416.2800000000001,11.007278061960763,Severe,Engineer review; Epoxy injection (structural); Staple/dowel stitching; Section repair/jacketing/FRP; Mitigate load/moisture
11123-1.jpg,4986.200000000001,0.5477200150489807,10.673521995544434,21.74308967590332,2090.8400000000006,-7.939895912345364,Severe,Engineer review; Epoxy injection (structural); Staple/dowel stitching; Section repair/jacketing/FRP; Mitigate load/moisture
11123-2.jpg,6838.0,0.38199999928474426,6.075479984283447,15.170445442199707,2536.5200000000004,-15.315069516291679,Severe,Engineer review; Epoxy injection (structural); Staple/dowel stitching; Section repair/jacketing/FRP; Mitigate load/moisture
11123-3.jpg,7459.6,0.5477200150489807,12.988000869750977,24.237340927124023,3201.2000000000007,-20.485137381967952,Severe,Engineer review; Epoxy injection (structural); Staple/dowel stitching; Section repair/jacketing/FRP; Mitigate load/moisture
11123-4.jpg,5126.200000000001,0.38199999928474426,7.258000373840332,16.749004364013672,1878.5600000000004,-7.2104701824514486,Severe,Engineer review; Epoxy injection (structural); Staple/dowel stitching; Section repair/jacketing/FRP; Mitigate load/moisture
11123-5.jpg,6255.0,2.4577200412750244,16.18724250793457,27.956222534179688,3537.8000000000006,-18.967934608452403,Severe,Engineer review; Epoxy injection (structural); Staple/dowel stitching; Section repair/jacketing/FRP; Mitigate load/moisture
11123-6.jpg,2967.8,0.5477200150489807,10.940360069274902,23.004249572753906,1249.5200000000002,1.9590051319452826,Severe,Engineer review; Epoxy injection (structural); Staple/dowel stitching; Section repair/jacketing/FRP; Mitigate load/moisture
11123.jpg,3255.8,0.38199999928474426,7.538880348205566,17.361326217651367,1239.4000000000003,1.2271021368647137,Severe,Engineer review; Epoxy injection (structural); Staple/dowel stitching; Section repair/jacketing/FRP; Mitigate load/moisture
11124.jpg,786.0,0.38199999928474426,2.025160074234009,6.572640419006348,266.24000000000007,13.04321628003911,Severe,Engineer review; Epoxy injection (structural); Staple/dowel stitching; Section repair/jacketing/FRP; Mitigate load/moisture
11126.jpg,3949.0,2.6234400272369385,34.52029800415039,53.32550811767578,2230.7200000000003,-5.842155965516696,Severe,Engineer review; Epoxy injection (structural); Staple/dowel stitching; Section repair/jacketing/FRP; Mitigate load/moisture
11130.jpg,2547.6000000000004,0.5477200150489807,3.985720157623291,9.527522087097168,991.4800000000002,4.4517296291628785,Severe,Engineer review; Epoxy injection (structural); Staple/dowel stitching; Section repair/jacketing/FRP; Mitigate load/moisture
11131.jpg,1964.4,0.5477200150489807,3.985720157623291,8.763522148132324,766.0400000000002,7.219484358198365,Severe,Engineer review; Epoxy injection (structural); Staple/dowel stitching; Section repair/jacketing/FRP; Mitigate load/moisture
11132.jpg,1189.0,0.38199999928474426,1.9100000858306885,5.8592000007629395,386.9200000000001,11.31441750235417,Severe,Engineer review; Epoxy injection (structural); Staple/dowel stitching; Section repair/jacketing/FRP; Mitigate load/moisture
11133.jpg,1188.0,0.38199999928474426,1.8594400882720947,5.8592000007629395,386.6000000000001,11.318799772910877,Severe,Engineer review; Epoxy injection (structural); Staple/dowel stitching; Section repair/jacketing/FRP; Mitigate load/moisture
11134-1.jpg,1695.6000000000001,0.5477200150489807,6.075479984283447,11.336402893066406,658.0000000000001,8.5174221151344,Severe,Engineer review; Epoxy injection (structural); Staple/dowel stitching; Section repair/jacketing/FRP; Mitigate load/moisture
11134-2.jpg,1856.6000000000001,0.9297200441360474,13.370001792907715,20.849885940551758,913.7600000000002,6.742227831840401,Severe,Engineer review; Epoxy injection (structural); Staple/dowel stitching; Section repair/jacketing/FRP; Mitigate load/moisture
11134-3.jpg,2726.6000000000004,0.38199999928474426,4.763760089874268,12.482402801513672,969.0800000000002,4.082044642682574,Severe,Engineer review; Epoxy injection (structural); Staple/dowel stitching; Section repair/jacketing/FRP; Mitigate load/moisture
11134-4.jpg,3359.4,0.38199999928474426,2.9548799991607666,9.715720176696777,1047.0800000000002,1.9507435242904876,Severe,Engineer review; Epoxy injection (structural); Staple/dowel stitching; Section repair/jacketing/FRP; Mitigate load/moisture
11134-5.jpg,2641.8,0.5477200150489807,9.462920188903809,17.577606201171875,1097.0000000000002,3.644464927283238,Severe,Engineer review; Epoxy injection (structural); Staple/dowel stitching; Section repair/jacketing/FRP; Mitigate load/moisture
11134-6.jpg,2443.4,0.38199999928474426,2.025160074234009,5.8592000007629395,738.2800000000002,6.060508738056534,Severe,Engineer review; Epoxy injection (structural); Staple/dowel stitching; Section repair/jacketing/FRP; Mitigate load/moisture
11134.jpg,1924.0,0.38199999928474426,4.763760089874268,13.066644668579102,659.1600000000001,7.889298497425761,Severe,Engineer review; Epoxy injection (structural); Staple/dowel stitching; Section repair/jacketing/FRP; Mitigate load/moisture
11135.jpg,4613.6,3.2217202186584473,23.104799270629883,34.9614143371582,2894.5200000000004,-11.130107710289614,Severe,Engineer review; Epoxy injection (structural); Staple/dowel stitching; Section repair/jacketing/FRP; Mitigate load/moisture
11136.jpg,1152.8,0.38199999928474426,1.710227370262146,5.8592000007629395,409.56000000000006,11.294344634507322,Severe,Engineer review; Epoxy injection (structural); Staple/dowel stitching; Section repair/jacketing/FRP; Mitigate load/moisture
11137.jpg,8166.0,0.38199999928474426,5.131720066070557,13.232359886169434,2692.1600000000003,-19.744831501870877,Severe,Engineer review; Epoxy injection (structural); Staple/dowel stitching; Section repair/jacketing/FRP; Mitigate load/moisture
11138.jpg,1653.8000000000002,0.5477200150489807,3.6683201789855957,9.527522087097168,621.2800000000001,8.82274238638742,Severe,Engineer review; Epoxy injection (structural); Staple/dowel stitching; Section repair/jacketing/FRP; Mitigate load/moisture
11139.jpg,2445.8,0.38199999928474426,7.041719913482666,12.965521812438965,889.1200000000001,5.265673635837757,Severe,Engineer review; Epoxy injection (structural); Staple/dowel stitching; Section repair/jacketing/FRP; Mitigate load/moisture
11140-1.jpg,2304.6,0.7639999985694885,9.794360160827637,22.507089614868164,1005.0800000000002,5.043646647622207,Severe,Engineer review; Epoxy injection (structural); Staple/dowel stitching; Section repair/jacketing/FRP; Mitigate load/moisture
11140-6.jpg,1242.4,0.5477200150489807,7.5260772705078125,14.558123588562012,508.3200000000001,10.535096238778818,Severe,Engineer review; Epoxy injection (structural); Staple/dowel stitching; Section repair/jacketing/FRP; Mitigate load/moisture
11140.jpg,1284.8000000000002,0.5477200150489807,6.572640419006348,15.718165397644043,514.4000000000001,10.387573343263561,Severe,Engineer review; Epoxy injection (structural); Staple/dowel stitching; Section repair/jacketing/FRP; Mitigate load/moisture
11141-1.jpg,2069.6,0.7639999985694885,12.648123741149902,24.532249450683594,919.5200000000002,6.132109967929216,Severe,Engineer review; Epoxy injection (structural); Staple/dowel stitching; Section repair/jacketing/FRP; Mitigate load/moisture
11141-2.jpg,1670.2,0.7639999985694885,9.01632022857666,17.41188621520996,708.6400000000001,8.322280861867114,Severe,Engineer review; Epoxy injection (structural); Staple/dowel stitching; Section repair/jacketing/FRP; Mitigate load/moisture
11141-3.jpg,1337.2,0.38199999928474426,3.367196559906006,7.502360820770264,458.7600000000001,10.535327119292727,Severe,Engineer review; Epoxy injection (structural); Staple/dowel stitching; Section repair/jacketing/FRP; Mitigate load/moisture
11141-4.jpg,1045.6000000000001,0.5477200150489807,4.864880084991455,11.336402893066406,432.00000000000006,11.469565104678328,Severe,Engineer review; Epoxy injection (structural); Staple/dowel stitching; Section repair/jacketing/FRP; Mitigate load/moisture
11141.jpg,2165.4,0.5477200150489807,8.43208122253418,15.552444458007812,903.9200000000002,5.951788068618752,Severe,Engineer review; Epoxy injection (structural); Staple/dowel stitching; Section repair/jacketing/FRP; Mitigate load/moisture
11142.jpg,2069.6,0.5477200150489807,8.086601257324219,15.819284439086914,865.7200000000001,6.412448408467856,Severe,Engineer review; Epoxy injection (structural); Staple/dowel stitching; Section repair/jacketing/FRP; Mitigate load/moisture
11143.jpg,2027.2,0.5477200150489807,13.812078475952148,21.81612777709961,833.8000000000002,6.696689160625265,Severe,Engineer review; Epoxy injection (structural); Staple/dowel stitching; Section repair/jacketing/FRP; Mitigate load/moisture
11144.jpg,1678.8000000000002,0.38199999928474426,4.648600101470947,8.519160270690918,639.3600000000001,8.660322488649346,Severe,Engineer review; Epoxy injection (structural); Staple/dowel stitching; Section repair/jacketing/FRP; Mitigate load/moisture
11148.jpg,2945.2000000000003,0.38199999928474426,6.659719944000244,12.53296184539795,1120.9200000000003,2.692591374284749,Severe,Engineer review; Epoxy injection (structural); Staple/dowel stitching; Section repair/jacketing/FRP; Mitigate load/moisture
11149.jpg,848.4000000000001,0.38199999928474426,2.4071600437164307,7.718640327453613,283.4800000000001,12.78322118304801,Severe,Engineer review; Epoxy injection (structural); Staple/dowel stitching; Section repair/jacketing/FRP; Mitigate load/moisture
11150.jpg,1051.6000000000001,0.38199999928474426,2.2414400577545166,6.572640419006348,341.68000000000006,11.925367553415054,Severe,Engineer review; Epoxy injection (structural); Staple/dowel stitching; Section repair/jacketing/FRP; Mitigate load/moisture
11151-1.jpg,3170.4,0.38199999928474426,5.5137200355529785,14.788444519042969,1163.5200000000002,1.8562477201657597,Severe,Engineer review; Epoxy injection (structural); Staple/dowel stitching; Section repair/jacketing/FRP; Mitigate load/moisture
11151-2.jpg,2520.8,1.3117200136184692,11.386962890625,19.98476791381836,1251.2400000000002,3.166777555251217,Severe,Engineer review; Epoxy injection (structural); Staple/dowel stitching; Section repair/jacketing/FRP; Mitigate load/moisture
11151-3.jpg,1253.2,0.5477200150489807,3.820000171661377,9.527522087097168,481.6400000000001,10.64429393670359,Severe,Engineer review; Epoxy injection (structural); Staple/dowel stitching; Section repair/jacketing/FRP; Mitigate load/moisture
11151-4.jpg,898.2,0.5477200150489807,3.1205999851226807,9.145522117614746,348.00000000000006,12.310062163663599,Severe,Engineer review; Epoxy injection (structural); Staple/dowel stitching; Section repair/jacketing/FRP; Mitigate load/moisture
11151.jpg,2787.8,0.5477200150489807,10.075242042541504,17.68716812133789,1180.5600000000002,2.8097453742036578,Severe,Engineer review; Epoxy injection (structural); Staple/dowel stitching; Section repair/jacketing/FRP; Mitigate load/moisture
11152.jpg,1921.6000000000001,0.5477200150489807,7.488320350646973,14.558122634887695,803.2400000000001,7.142241231125638,Severe,Engineer review; Epoxy injection (structural); Staple/dowel stitching; Section repair/jacketing/FRP; Mitigate load/moisture
11153.jpg,1348.4,0.5477200150489807,4.151440143585205,11.502123832702637,526.7600000000001,10.149029500595802,Severe,Engineer review; Epoxy injection (structural); Staple/dowel stitching; Section repair/jacketing/FRP; Mitigate load/moisture
11154.jpg,765.2,0.38199999928474426,2.025160074234009,6.572640419006348,250.92000000000004,13.180045010692098,Severe,Engineer review; Epoxy injection (structural); Staple/dowel stitching; Section repair/jacketing/FRP; Mitigate load/moisture
11155-1.jpg,4291.400000000001,0.5477200150489807,9.462920188903809,21.894765853881836,1831.5200000000004,-4.691353262981522,Severe,Engineer review; Epoxy injection (structural); Staple/dowel stitching; Section repair/jacketing/FRP; Mitigate load/moisture
11155-2.jpg,5862.400000000001,0.7639999985694885,9.90952205657959,24.25136947631836,2629.0000000000005,-13.142762392198307,Severe,Engineer review; Epoxy injection (structural); Staple/dowel stitching; Section repair/jacketing/FRP; Mitigate load/moisture
11155-3.jpg,6366.400000000001,0.5477200150489807,7.640000343322754,15.718165397644043,2562.6000000000004,-14.167556632698204,Severe,Engineer review; Epoxy injection (structural); Staple/dowel stitching; Section repair/jacketing/FRP; Mitigate load/moisture
11155-4.jpg,4107.0,0.38199999928474426,7.654040813446045,18.622488021850586,1479.0800000000004,-2.344621601680423,Severe,Engineer review; Epoxy injection (structural); Staple/dowel stitching; Section repair/jacketing/FRP; Mitigate load/moisture
11155.jpg,1180.0,0.38199999928474426,1.8594400882720947,5.8592000007629395,418.9600000000001,11.17113779180347,Severe,Engineer review; Epoxy injection (structural); Staple/dowel stitching; Section repair/jacketing/FRP; Mitigate load/moisture
11156-1.jpg,9704.6,1.527999997138977,23.36661720275879,46.44950485229492,4767.4800000000005,-34.793508753230874,Severe,Engineer review; Epoxy injection (structural); Staple/dowel stitching; Section repair/jacketing/FRP; Mitigate load/moisture
11156-2.jpg,8840.6,3.0054399967193604,24.655847549438477,39.236473083496094,4821.120000000001,-32.72234643638914,Severe,Engineer review; Epoxy injection (structural); Staple/dowel stitching; Section repair/jacketing/FRP; Mitigate load/moisture
11156.jpg,8723.4,0.9297200441360474,14.392402648925781,32.388545989990234,3989.2800000000007,-28.05090573364098,Severe,Engineer review; Epoxy injection (structural); Staple/dowel stitching; Section repair/jacketing/FRP; Mitigate load/moisture
11157-1.jpg,1057.0,0.5477200150489807,3.438000202178955,8.864640235900879,414.0400000000001,11.532150198767656,Severe,Engineer review; Epoxy injection (structural); Staple/dowel stitching; Section repair/jacketing/FRP; Mitigate load/moisture
11157.jpg,1222.0,0.5477200150489807,4.749720096588135,9.527522087097168,499.7200000000001,10.634824255489583,Severe,Engineer review; Epoxy injection (structural); Staple/dowel stitching; Section repair/jacketing/FRP; Mitigate load/moisture
11158.jpg,1437.0,0.38199999928474426,2.2920000553131104,6.406919956207275,506.7200000000001,10.012253616431082,Severe,Engineer review; Epoxy injection (structural); Staple/dowel stitching; Section repair/jacketing/FRP; Mitigate load/moisture
11159.jpg,1302.6000000000001,0.7639999985694885,7.488320350646973,14.558123588562012,553.3600000000001,10.135403879044423,Severe,Engineer review; Epoxy injection (structural); Staple/dowel stitching; Section repair/jacketing/FRP; Mitigate load/moisture
11162-1.jpg,831.0,0.38199999928474426,2.2920000553131104,7.668080806732178,281.36000000000007,12.841646548325805,Severe,Engineer review; Epoxy injection (structural); Staple/dowel stitching; Section repair/jacketing/FRP; Mitigate load/moisture
11162-2.jpg,854.2,0.38199999928474426,2.190880060195923,7.336640357971191,277.20000000000005,12.800252342223295,Severe,Engineer review; Epoxy injection (structural); Staple/dowel stitching; Section repair/jacketing/FRP; Mitigate load/moisture
11162-3.jpg,841.2,0.38199999928474426,2.025160074234009,6.572640419006348,273.0400000000001,12.857368138241338,Severe,Engineer review; Epoxy injection (structural); Staple/dowel stitching; Section repair/jacketing/FRP; Mitigate load/moisture
11162-4.jpg,840.0,0.38199999928474426,2.0757200717926025,7.336640357971191,271.44000000000005,12.869026918201616,Severe,Engineer review; Epoxy injection (structural); Staple/dowel stitching; Section repair/jacketing/FRP; Mitigate load/moisture
11162.jpg,843.4000000000001,0.38199999928474426,2.025160074234009,6.572640419006348,269.52000000000004,12.869810832853206,Severe,Engineer review; Epoxy injection (structural); Staple/dowel stitching; Section repair/jacketing/FRP; Mitigate load/moisture
11163-1.jpg,1950.4,0.5477200150489807,8.353440284729004,19.32188606262207,826.7200000000001,6.941169911256452,Severe,Engineer review; Epoxy injection (structural); Staple/dowel stitching; Section repair/jacketing/FRP; Mitigate load/moisture
11163.jpg,1640.0,0.5477200150489807,4.317160129547119,11.004962921142578,653.9200000000001,8.689593862980376,Severe,Engineer review; Epoxy injection (structural); Staple/dowel stitching; Section repair/jacketing/FRP; Mitigate load/moisture
11164-2.jpg,889.0,0.38199999928474426,3.055999994277954,8.597801208496094,304.84000000000003,12.561068523991036,Severe,Engineer review; Epoxy injection (structural); Staple/dowel stitching; Section repair/jacketing/FRP; Mitigate load/moisture
11164-4.jpg,847.4000000000001,0.38199999928474426,1.9100000858306885,6.572640419006348,274.00000000000006,12.835432154313988,Severe,Engineer review; Epoxy injection (structural); Staple/dowel stitching; Section repair/jacketing/FRP; Mitigate load/moisture
11165-1.jpg,2102.8,0.5477200150489807,6.406919956207275,12.10040283203125,859.0400000000002,6.356561110797939,Severe,Engineer review; Epoxy injection (structural); Staple/dowel stitching; Section repair/jacketing/FRP; Mitigate load/moisture
11165-2.jpg,1282.8000000000002,0.38199999928474426,2.4577200412750244,5.8592000007629395,415.5200000000001,10.909526381447549,Severe,Engineer review; Epoxy injection (structural); Staple/dowel stitching; Section repair/jacketing/FRP; Mitigate load/moisture
11165.jpg,1807.4,0.5477200150489807,5.8957200050354,13.361564636230469,718.3600000000001,7.897027271359356,Severe,Engineer review; Epoxy injection (structural); Staple/dowel stitching; Section repair/jacketing/FRP; Mitigate load/moisture
11166-1.jpg,1512.6000000000001,0.5477200150489807,3.438000202178955,7.668080806732178,572.9600000000002,9.45999494170671,Severe,Engineer review; Epoxy injection (structural); Staple/dowel stitching; Section repair/jacketing/FRP; Mitigate load/moisture
11166-2.jpg,1522.0,0.38199999928474426,2.6740000247955322,8.597801208496094,545.1600000000001,9.579742968058063,Severe,Engineer review; Epoxy injection (structural); Staple/dowel stitching; Section repair/jacketing/FRP; Mitigate load/moisture
11166.jpg,1318.6000000000001,0.38199999928474426,3.0054399967193604,7.668080806732178,477.1600000000001,10.489502902222398,Severe,Engineer review; Epoxy injection (structural); Staple/dowel stitching; Section repair/jacketing/FRP; Mitigate load/moisture
11167-1.jpg,786.4000000000001,0.38199999928474426,2.4577200412750244,7.668080806732178,271.08000000000004,13.016914125232026,Severe,Engineer review; Epoxy injection (structural); Staple/dowel stitching; Section repair/jacketing/FRP; Mitigate load/moisture
11167-2.jpg,888.0,0.38199999928474426,2.4071600437164307,7.336640357971191,301.0400000000001,12.583493977269939,Severe,Engineer review; Epoxy injection (structural); Staple/dowel stitching; Section repair/jacketing/FRP; Mitigate load/moisture
11167.jpg,897.4000000000001,0.38199999928474426,2.025160074234009,6.572640419006348,296.28000000000003,12.582718641331144,Severe,Engineer review; Epoxy injection (structural); Staple/dowel stitching; Section repair/jacketing/FRP; Mitigate load/moisture
11168-2.jpg,762.2,0.38199999928474426,2.025160074234009,6.9546403884887695,245.64000000000004,13.215856404067079,Severe,Engineer review; Epoxy injection (structural); Staple/dowel stitching; Section repair/jacketing/FRP; Mitigate load/moisture
11168.jpg,779.0,0.38199999928474426,1.9100000858306885,6.9546403884887695,247.76000000000005,13.158995581092451,Severe,Engineer review; Epoxy injection (structural); Staple/dowel stitching; Section repair/jacketing/FRP; Mitigate load/moisture
11170-1.jpg,4527.6,26.335529327392578,71.30464935302734,101.33641815185547,7909.680000000001,-37.1409797049467,Severe,Engineer review; Epoxy injection (structural); Staple/dowel stitching; Section repair/jacketing/FRP; Mitigate load/moisture
11170-2.jpg,5253.8,19.164609909057617,59.03586959838867,86.55940246582031,7819.440000000001,-38.64870807185611,Severe,Engineer review; Epoxy injection (structural); Staple/dowel stitching; Section repair/jacketing/FRP; Mitigate load/moisture
11170.jpg,3169.0,27.827030181884766,67.41173553466797,91.40447235107422,7975.640000000001,-33.78966362004004,Severe,Engineer review; Epoxy injection (structural); Staple/dowel stitching; Section repair/jacketing/FRP; Mitigate load/moisture
11175-1.jpg,1468.4,0.38199999928474426,4.584000110626221,9.881440162658691,536.9600000000002,9.769134981760178,Severe,Engineer review; Epoxy injection (structural); Staple/dowel stitching; Section repair/jacketing/FRP; Mitigate load/moisture
11175-2.jpg,1657.2,0.38199999928474426,6.839479923248291,13.527284622192383,620.8000000000001,8.816945207880826,Severe,Engineer review; Epoxy injection (structural); Staple/dowel stitching; Section repair/jacketing/FRP; Mitigate load/moisture
11175-3.jpg,1474.6000000000001,0.38199999928474426,4.929480075836182,12.648123741149902,553.9600000000002,9.663350915139175,Severe,Engineer review; Epoxy injection (structural); Staple/dowel stitching; Section repair/jacketing/FRP; Mitigate load/moisture
11175.jpg,1254.6000000000001,0.38199999928474426,2.4577200412750244,8.597801208496094,438.4400000000001,10.866272472446516,Severe,Engineer review; Epoxy injection (structural); Staple/dowel stitching; Section repair/jacketing/FRP; Mitigate load/moisture
11176.jpg,7078.8,1.527999997138977,16.265886306762695,33.31825256347656,3459.6800000000007,-20.80109658611292,Severe,Engineer review; Epoxy injection (structural); Staple/dowel stitching; Section repair/jacketing/FRP; Mitigate load/moisture
11177.jpg,2517.0,0.38199999928474426,3.603720188140869,9.145522117614746,970.7200000000001,4.643602086935296,Severe,Engineer review; Epoxy injection (structural); Staple/dowel stitching; Section repair/jacketing/FRP; Mitigate load/moisture
11178-1.jpg,1412.2,0.5477200150489807,3.055999994277954,7.668080806732178,556.3600000000001,9.82006747889496,Severe,Engineer review; Epoxy injection (structural); Staple/dowel stitching; Section repair/jacketing/FRP; Mitigate load/moisture
11178-2.jpg,1519.6000000000001,0.38199999928474426,2.4577200412750244,7.170919895172119,558.6800000000001,9.51542044744893,Severe,Engineer review; Epoxy injection (structural); Staple/dowel stitching; Section repair/jacketing/FRP; Mitigate load/moisture
11178-3.jpg,1687.0,0.5477200150489807,2.8397200107574463,7.668080806732178,650.1600000000001,8.580916814216959,Severe,Engineer review; Epoxy injection (structural); Staple/dowel stitching; Section repair/jacketing/FRP; Mitigate load/moisture
11178-4.jpg,1451.2,0.5477200150489807,2.6740000247955322,6.572640419006348,570.6000000000001,9.63924314047704,Severe,Engineer review; Epoxy injection (structural); Staple/dowel stitching; Section repair/jacketing/FRP; Mitigate load/moisture
11178.jpg,1333.4,0.5477200150489807,2.5728800296783447,6.241199970245361,520.8000000000001,10.220593234856086,Severe,Engineer review; Epoxy injection (structural); Staple/dowel stitching; Section repair/jacketing/FRP; Mitigate load/moisture
11179-1.jpg,6072.6,12.187479972839355,34.68899154663086,47.738739013671875,6512.800000000001,-34.04302031000402,Severe,Engineer review; Epoxy injection (structural); Staple/dowel stitching; Section repair/jacketing/FRP; Mitigate load/moisture
11179-2.jpg,5766.0,11.460000038146973,32.53462219238281,54.60914993286133,6565.120000000002,-33.483103578800154,Severe,Engineer review; Epoxy injection (structural); Staple/dowel stitching; Section repair/jacketing/FRP; Mitigate load/moisture
11179-3.jpg,7542.400000000001,7.387200355529785,41.16897201538086,64.7180404663086,5229.280000000001,-31.32110796964043,Severe,Engineer review; Epoxy injection (structural); Staple/dowel stitching; Section repair/jacketing/FRP; Mitigate load/moisture
11179-4.jpg,6431.0,2.025160074234009,19.055049896240234,32.69749450683594,3320.7600000000007,-18.309700669375033,Severe,Engineer review; Epoxy injection (structural); Staple/dowel stitching; Section repair/jacketing/FRP; Mitigate load/moisture
11179-5.jpg,5802.6,1.6937201023101807,15.827725410461426,29.8802490234375,2951.3600000000006,-14.66610883832896,Severe,Engineer review; Epoxy injection (structural); Staple/dowel stitching; Section repair/jacketing/FRP; Mitigate load/moisture
11179.jpg,7951.0,6.0614399909973145,27.669721603393555,55.76353073120117,5635.680000000001,-34.56515662214779,Severe,Engineer review; Epoxy injection (structural); Staple/dowel stitching; Section repair/jacketing/FRP; Mitigate load/moisture
11180.jpg,8880.6,5.081160068511963,23.467741012573242,43.66879653930664,6450.080000000001,-41.36077821842246,Severe,Engineer review; Epoxy injection (structural); Staple/dowel stitching; Section repair/jacketing/FRP; Mitigate load/moisture
11181.jpg,9356.2,3.055999994277954,16.684402465820312,32.01496505737305,5459.440000000001,-37.47031199053375,Severe,Engineer review; Epoxy injection (structural); Staple/dowel stitching; Section repair/jacketing/FRP; Mitigate load/moisture
11182-1.jpg,1661.8000000000002,0.7639999985694885,9.361801147460938,20.150487899780273,765.4000000000002,8.048052435477917,Severe,Engineer review; Epoxy injection (structural); Staple/dowel stitching; Section repair/jacketing/FRP; Mitigate load/moisture
11182-2.jpg,1959.0,0.38199999928474426,4.864880084991455,11.055521965026855,720.6400000000001,7.4721573173207005,Severe,Engineer review; Epoxy injection (structural); Staple/dowel stitching; Section repair/jacketing/FRP; Mitigate load/moisture
11183.jpg,1378.8000000000002,0.38199999928474426,2.6158363819122314,6.241199970245361,500.1600000000001,10.205106895322247,Severe,Engineer review; Epoxy injection (structural); Staple/dowel stitching; Section repair/jacketing/FRP; Mitigate load/moisture
11184-1.jpg,6336.400000000001,1.527999997138977,14.516003608703613,22.262739181518555,3199.3200000000006,-17.417711227924926,Severe,Engineer review; Epoxy injection (structural); Staple/dowel stitching; Section repair/jacketing/FRP; Mitigate load/moisture
11184-2.jpg,8452.4,2.738600015640259,19.21516990661621,30.984128952026367,4707.800000000001,-31.074020467510472,Severe,Engineer review; Epoxy injection (structural); Staple/dowel stitching; Section repair/jacketing/FRP; Mitigate load/moisture
11184.jpg,6774.8,1.3117200136184692,11.575160026550293,19.004487991333008,3263.640000000001,-18.948602681882072,Severe,Engineer review; Epoxy injection (structural); Staple/dowel stitching; Section repair/jacketing/FRP; Mitigate load/moisture
11185-1.jpg,9527.4,0.5477200150489807,16.201684951782227,30.888614654541016,4082.400000000001,-30.726270684266787,Severe,Engineer review; Epoxy injection (structural); Staple/dowel stitching; Section repair/jacketing/FRP; Mitigate load/moisture
11185.jpg,10230.6,0.5477200150489807,20.748767852783203,37.46125793457031,4528.600000000001,-34.97518401730749,Severe,Engineer review; Epoxy injection (structural); Staple/dowel stitching; Section repair/jacketing/FRP; Mitigate load/moisture
11186.jpg,9046.6,4.980040073394775,30.560033798217773,51.356502532958984,5492.240000000001,-36.79525325490704,Severe,Engineer review; Epoxy injection (structural); Staple/dowel stitching; Section repair/jacketing/FRP; Mitigate load/moisture
11187-1.jpg,1500.2,0.38199999928474426,3.7188801765441895,9.182040214538574,510.5200000000001,9.820763619801157,Severe,Engineer review; Epoxy injection (structural); Staple/dowel stitching; Section repair/jacketing/FRP; Mitigate load/moisture
11187-2.jpg,1170.0,0.38199999928474426,1.8594400882720947,5.8592000007629395,392.80000000000007,11.335329113770873,Severe,Engineer review; Epoxy injection (structural); Staple/dowel stitching; Section repair/jacketing/FRP; Mitigate load/moisture
11187-3.jpg,1185.2,0.38199999928474426,1.9100000858306885,5.8592000007629395,385.44000000000005,11.332509603454318,Severe,Engineer review; Epoxy injection (structural); Staple/dowel stitching; Section repair/jacketing/FRP; Mitigate load/moisture
11187-4.jpg,1182.4,0.38199999928474426,1.6937201023101807,5.527760028839111,377.5200000000001,11.3815352696687,Severe,Engineer review; Epoxy injection (structural); Staple/dowel stitching; Section repair/jacketing/FRP; Mitigate load/moisture
11187-5.jpg,1182.8,0.38199999928474426,1.9100000858306885,5.8592000007629395,387.0400000000001,11.330664355722234,Severe,Engineer review; Epoxy injection (structural); Staple/dowel stitching; Section repair/jacketing/FRP; Mitigate load/moisture
11187-6.jpg,1245.0,0.38199999928474426,2.2414400577545166,5.8592000007629395,428.4400000000001,10.944697234753114,Severe,Engineer review; Epoxy injection (structural); Staple/dowel stitching; Section repair/jacketing/FRP; Mitigate load/moisture
11187.jpg,1188.8,0.38199999928474426,1.8594400882720947,6.075479984283447,387.2000000000001,11.313480741919726,Severe,Engineer review; Epoxy injection (structural); Staple/dowel stitching; Section repair/jacketing/FRP; Mitigate load/moisture
11188-1.jpg,10231.6,5.845160007476807,56.0172119140625,81.88542938232422,6059.800000000001,-42.98474710618165,Severe,Engineer review; Epoxy injection (structural); Staple/dowel stitching; Section repair/jacketing/FRP; Mitigate load/moisture
11188-2.jpg,12914.800000000001,0.7639999985694885,24.453611373901367,42.045257568359375,5815.040000000001,-49.015719373801566,Severe,Engineer review; Epoxy injection (structural); Staple/dowel stitching; Section repair/jacketing/FRP; Mitigate load/moisture
11188.jpg,10426.400000000001,7.423719882965088,52.18239212036133,82.2789535522461,6733.3200000000015,-47.04263424305301,Severe,Engineer review; Epoxy injection (structural); Staple/dowel stitching; Section repair/jacketing/FRP; Mitigate load/moisture
11189-1.jpg,10327.800000000001,4.749720096588135,31.172353744506836,56.23543167114258,6329.840000000001,-44.6679025229113,Severe,Engineer review; Epoxy injection (structural); Staple/dowel stitching; Section repair/jacketing/FRP; Mitigate load/moisture
11189-2.jpg,7939.200000000001,4.864880084991455,23.25018882751465,47.955020904541016,5283.360000000001,-32.689613152802075,Severe,Engineer review; Epoxy injection (structural); Staple/dowel stitching; Section repair/jacketing/FRP; Mitigate load/moisture
11189.jpg,7909.400000000001,5.628880023956299,30.468706130981445,61.367095947265625,5443.640000000001,-33.44557865171188,Severe,Engineer review; Epoxy injection (structural); Staple/dowel stitching; Section repair/jacketing/FRP; Mitigate load/moisture
11190-1.jpg,7907.400000000001,7.80571985244751,46.71922302246094,76.0543441772461,6242.000000000001,-37.61549824427523,Severe,Engineer review; Epoxy injection (structural); Staple/dowel stitching; Section repair/jacketing/FRP; Mitigate load/moisture
11190-2.jpg,6114.8,13.743563652038574,59.8223876953125,83.74221801757812,6498.120000000002,-34.07353690826151,Severe,Engineer review; Epoxy injection (structural); Staple/dowel stitching; Section repair/jacketing/FRP; Mitigate load/moisture
11190-3.jpg,5115.0,18.11972999572754,57.63147735595703,78.53741455078125,6611.680000000001,-31.947529602299575,Severe,Engineer review; Epoxy injection (structural); Staple/dowel stitching; Section repair/jacketing/FRP; Mitigate load/moisture
11190-4.jpg,5745.8,10.111760139465332,47.38768005371094,73.84675598144531,5924.560000000001,-30.06974220926577,Severe,Engineer review; Epoxy injection (structural); Staple/dowel stitching; Section repair/jacketing/FRP; Mitigate load/moisture
11190-5.jpg,5795.6,6.4434404373168945,36.33773422241211,54.6568489074707,4613.760000000001,-23.345250250595086,Severe,Engineer review; Epoxy injection (structural); Staple/dowel stitching; Section repair/jacketing/FRP; Mitigate load/moisture
11190-6.jpg,1920.0,68.01012420654297,128.30609130859375,160.18653869628906,8141.720000000001,-31.241604145097746,Severe,Engineer review; Epoxy injection (structural); Staple/dowel stitching; Section repair/jacketing/FRP; Mitigate load/moisture
11190-7.jpg,3950.8,26.47318458557129,62.8418083190918,93.27814483642578,7801.960000000002,-35.00954275302199,Severe,Engineer review; Epoxy injection (structural); Staple/dowel stitching; Section repair/jacketing/FRP; Mitigate load/moisture
11190.jpg,5802.0,9.527522087097168,36.77875518798828,50.53923034667969,5485.240000000001,-27.925592624673122,Severe,Engineer review; Epoxy injection (structural); Staple/dowel stitching; Section repair/jacketing/FRP; Mitigate load/moisture
11192-1.jpg,818.4000000000001,0.38199999928474426,2.2414400577545166,7.668080806732178,280.36000000000007,12.881162188119376,Severe,Engineer review; Epoxy injection (structural); Staple/dowel stitching; Section repair/jacketing/FRP; Mitigate load/moisture
11192-2.jpg,817.0,0.38199999928474426,2.2977354526519775,7.718640327453613,286.40000000000003,12.853364128425284,Severe,Engineer review; Epoxy injection (structural); Staple/dowel stitching; Section repair/jacketing/FRP; Mitigate load/moisture
11192.jpg,839.6,0.38199999928474426,2.0757200717926025,6.572640419006348,268.24000000000007,12.8868707831225,Severe,Engineer review; Epoxy injection (structural); Staple/dowel stitching; Section repair/jacketing/FRP; Mitigate load/moisture
11193-1.jpg,2118.4,0.5477200150489807,3.603720188140869,10.839241981506348,843.1200000000001,6.396623666542721,Severe,Engineer review; Epoxy injection (structural); Staple/dowel stitching; Section repair/jacketing/FRP; Mitigate load/moisture
11193-2.jpg,3267.0,5.93503999710083,50.0588264465332,66.3078842163086,2407.3600000000006,-4.906147117994493,Severe,Engineer review; Epoxy injection (structural); Staple/dowel stitching; Section repair/jacketing/FRP; Mitigate load/moisture
11193-3.jpg,4526.8,0.7639999985694885,18.291046142578125,31.228490829467773,2027.3200000000004,-6.354643716205931,Severe,Engineer review; Epoxy injection (structural); Staple/dowel stitching; Section repair/jacketing/FRP; Mitigate load/moisture
11193.jpg,3665.4,0.38199999928474426,4.367720127105713,13.527284622192383,1269.4000000000003,-0.04577104103678664,Severe,Engineer review; Epoxy injection (structural); Staple/dowel stitching; Section repair/jacketing/FRP; Mitigate load/moisture
11196.jpg,1647.8000000000002,0.9297200441360474,14.291284561157227,25.714767456054688,766.8000000000002,8.080294204651299,Severe,Engineer review; Epoxy injection (structural); Staple/dowel stitching; Section repair/jacketing/FRP; Mitigate load/moisture
11197-1.jpg,2250.4,0.5477200150489807,7.207440376281738,16.749004364013672,885.8800000000002,5.814527609905131,Severe,Engineer review; Epoxy injection (structural); Staple/dowel stitching; Section repair/jacketing/FRP; Mitigate load/moisture
11197-2.jpg,1394.4,0.38199999928474426,2.7891600131988525,6.277719974517822,478.1600000000001,10.277889981055619,Severe,Engineer review; Epoxy injection (structural); Staple/dowel stitching; Section repair/jacketing/FRP; Mitigate load/moisture
11197-3.jpg,1760.6000000000001,0.5477200150489807,5.300950050354004,9.283160209655762,673.4400000000002,8.259430941005002,Severe,Engineer review; Epoxy injection (structural); Staple/dowel stitching; Section repair/jacketing/FRP; Mitigate load/moisture
11197-4.jpg,1704.6000000000001,0.7639999985694885,14.584110260009766,24.771007537841797,739.0400000000002,8.071133876519669,Severe,Engineer review; Epoxy injection (structural); Staple/dowel stitching; Section repair/jacketing/FRP; Mitigate load/moisture
11198.jpg,7522.400000000001,5.297440052032471,22.00992774963379,33.0008659362793,5537.200000000001,-32.88463704575789,Severe,Engineer review; Epoxy injection (structural); Staple/dowel stitching; Section repair/jacketing/FRP; Mitigate load/moisture
11200-1.jpg,2704.0,0.38199999928474426,3.1711599826812744,7.769200325012207,868.5200000000002,4.669613842951385,Severe,Engineer review; Epoxy injection (structural); Staple/dowel stitching; Section repair/jacketing/FRP; Mitigate load/moisture
11200-2.jpg,2467.8,0.38199999928474426,3.1711599826812744,8.763522148132324,785.8800000000001,5.7452050313003316,Severe,Engineer review; Epoxy injection (structural); Staple/dowel stitching; Section repair/jacketing/FRP; Mitigate load/moisture
11202.jpg,1244.2,0.38199999928474426,2.025160074234009,6.572640419006348,431.2000000000001,10.93235900358468,Severe,Engineer review; Epoxy injection (structural); Staple/dowel stitching; Section repair/jacketing/FRP; Mitigate load/moisture
11203.jpg,4843.0,0.9297200441360474,9.933371543884277,20.18700408935547,2235.1600000000003,-8.306011149561662,Severe,Engineer review; Epoxy injection (structural); Staple/dowel stitching; Section repair/jacketing/FRP; Mitigate load/moisture
11204.jpg,7988.8,10.479720115661621,49.82579040527344,71.82152557373047,7302.080000000002,-43.38668885038725,Severe,Engineer review; Epoxy injection (structural); Staple/dowel stitching; Section repair/jacketing/FRP; Mitigate load/moisture
11289-1.jpg,1524.6000000000001,0.5477200150489807,6.277719974517822,15.386725425720215,615.6400000000001,9.204706630100613,Severe,Engineer review; Epoxy injection (structural); Staple/dowel stitching; Section repair/jacketing/FRP; Mitigate load/moisture
11289-10.jpg,3378.8,0.9297200441360474,13.527284622192383,27.0545711517334,1527.9200000000003,-0.6165831414188894,Severe,Engineer review; Epoxy injection (structural); Staple/dowel stitching; Section repair/jacketing/FRP; Mitigate load/moisture
11289-2.jpg,2334.0,0.38199999928474426,5.975428581237793,11.884123802185059,911.0000000000002,5.45509047297611,Severe,Engineer review; Epoxy injection (structural); Staple/dowel stitching; Section repair/jacketing/FRP; Mitigate load/moisture
11289-3.jpg,2701.6000000000004,0.38199999928474426,4.4323201179504395,11.336402893066406,845.8400000000001,4.795273548747119,Severe,Engineer review; Epoxy injection (structural); Staple/dowel stitching; Section repair/jacketing/FRP; Mitigate load/moisture
11289-4.jpg,1848.2,0.38199999928474426,5.412600040435791,11.055521965026855,646.0400000000001,8.16450024873815,Severe,Engineer review; Epoxy injection (structural); Staple/dowel stitching; Section repair/jacketing/FRP; Mitigate load/moisture
11289-5.jpg,1794.4,0.38199999928474426,6.558599948883057,11.63976001739502,644.9200000000001,8.317138514541632,Severe,Engineer review; Epoxy injection (structural); Staple/dowel stitching; Section repair/jacketing/FRP; Mitigate load/moisture
11289-6.jpg,1603.4,0.38199999928474426,6.659719944000244,12.367241859436035,571.0400000000001,9.223867144822792,Severe,Engineer review; Epoxy injection (structural); Staple/dowel stitching; Section repair/jacketing/FRP; Mitigate load/moisture
11289-7.jpg,1384.4,0.38199999928474426,3.769440174102783,11.055521965026855,484.6000000000001,10.271679984043137,Severe,Engineer review; Epoxy injection (structural); Staple/dowel stitching; Section repair/jacketing/FRP; Mitigate load/moisture
11289-8.jpg,1811.6000000000001,0.38199999928474426,6.724320411682129,16.417570114135742,638.6400000000001,8.303254808958481,Severe,Engineer review; Epoxy injection (structural); Staple/dowel stitching; Section repair/jacketing/FRP; Mitigate load/moisture
11289-9.jpg,2682.0,0.38199999928474426,11.07800006866455,26.335535049438477,969.9600000000002,4.200708335313035,Severe,Engineer review; Epoxy injection (structural); Staple/dowel stitching; Section repair/jacketing/FRP; Mitigate load/moisture
7Q3A9060-1.jpg,842.8000000000001,0.38199999928474426,2.190880060195923,7.336640357971191,273.40000000000003,12.851177616685048,Severe,Engineer review; Epoxy injection (structural); Staple/dowel stitching; Section repair/jacketing/FRP; Mitigate load/moisture
7Q3A9060-10.jpg,866.2,0.38199999928474426,2.2920000553131104,7.668080806732178,284.0400000000001,12.731806691049087,Severe,Engineer review; Epoxy injection (structural); Staple/dowel stitching; Section repair/jacketing/FRP; Mitigate load/moisture
7Q3A9060-11.jpg,853.0,0.38199999928474426,2.2414400577545166,7.668080806732178,284.80000000000007,12.763740082627423,Severe,Engineer review; Epoxy injection (structural); Staple/dowel stitching; Section repair/jacketing/FRP; Mitigate load/moisture
7Q3A9060-12.jpg,840.2,0.38199999928474426,2.0757200717926025,7.336640357971191,271.12000000000006,12.87015807225724,Severe,Engineer review; Epoxy injection (structural); Staple/dowel stitching; Section repair/jacketing/FRP; Mitigate load/moisture
7Q3A9060-13.jpg,837.4000000000001,0.38199999928474426,2.0757200717926025,6.572640419006348,270.4800000000001,12.881130146188008,Severe,Engineer review; Epoxy injection (structural); Staple/dowel stitching; Section repair/jacketing/FRP; Mitigate load/moisture
7Q3A9060-14.jpg,868.0,0.38199999928474426,2.2414400577545166,7.668080806732178,284.9200000000001,12.722284737441175,Severe,Engineer review; Epoxy injection (structural); Staple/dowel stitching; Section repair/jacketing/FRP; Mitigate load/moisture
7Q3A9060-15.jpg,858.0,0.38199999928474426,2.5728800296783447,8.26636028289795,284.12000000000006,12.753790171826,Severe,Engineer review; Epoxy injection (structural); Staple/dowel stitching; Section repair/jacketing/FRP; Mitigate load/moisture
7Q3A9060-16.jpg,840.2,0.38199999928474426,2.2414400577545166,7.668080806732178,279.72,12.825177937312592,Severe,Engineer review; Epoxy injection (structural); Staple/dowel stitching; Section repair/jacketing/FRP; Mitigate load/moisture
7Q3A9060-17.jpg,843.0,0.38199999928474426,2.0757200717926025,6.572640419006348,271.96000000000004,12.85813880181438,Severe,Engineer review; Epoxy injection (structural); Staple/dowel stitching; Section repair/jacketing/FRP; Mitigate load/moisture
7Q3A9060-18.jpg,838.8000000000001,0.38199999928474426,2.0757200717926025,7.336640357971191,271.28000000000003,12.873130837593607,Severe,Engineer review; Epoxy injection (structural); Staple/dowel stitching; Section repair/jacketing/FRP; Mitigate load/moisture
7Q3A9060-19.jpg,843.6,0.38199999928474426,2.025160074234009,6.572640419006348,270.76000000000005,12.862773854114526,Severe,Engineer review; Epoxy injection (structural); Staple/dowel stitching; Section repair/jacketing/FRP; Mitigate load/moisture
7Q3A9060-2.jpg,849.4000000000001,0.38199999928474426,2.0757200717926025,7.336640357971191,275.40000000000003,12.82270749016739,Severe,Engineer review; Epoxy injection (structural); Staple/dowel stitching; Section repair/jacketing/FRP; Mitigate load/moisture
7Q3A9060-20.jpg,840.0,0.38199999928474426,2.025160074234009,6.572640419006348,270.00000000000006,12.876551687407428,Severe,Engineer review; Epoxy injection (structural); Staple/dowel stitching; Section repair/jacketing/FRP; Mitigate load/moisture
7Q3A9060-3.jpg,842.8000000000001,0.38199999928474426,2.2920000553131104,7.668080806732178,278.96000000000004,12.822095645011412,Severe,Engineer review; Epoxy injection (structural); Staple/dowel stitching; Section repair/jacketing/FRP; Mitigate load/moisture
7Q3A9060-4.jpg,835.0,0.38199999928474426,2.0757200717926025,6.572640419006348,270.28000000000003,12.888709667064738,Severe,Engineer review; Epoxy injection (structural); Staple/dowel stitching; Section repair/jacketing/FRP; Mitigate load/moisture
7Q3A9060-5.jpg,830.8000000000001,0.38199999928474426,2.190880060195923,7.336640357971191,273.76000000000005,12.881954284786481,Severe,Engineer review; Epoxy injection (structural); Staple/dowel stitching; Section repair/jacketing/FRP; Mitigate load/moisture
7Q3A9060-6.jpg,782.8000000000001,0.38199999928474426,2.6234400272369385,8.26636028289795,271.36000000000007,13.025295851737292,Severe,Engineer review; Epoxy injection (structural); Staple/dowel stitching; Section repair/jacketing/FRP; Mitigate load/moisture
7Q3A9060-7.jpg,753.4000000000001,0.38199999928474426,2.4071600437164307,7.668080806732178,271.52000000000004,13.104414707237979,Severe,Engineer review; Epoxy injection (structural); Staple/dowel stitching; Section repair/jacketing/FRP; Mitigate load/moisture
7Q3A9060-8.jpg,790.0,0.38199999928474426,2.4071600437164307,7.718640327453613,283.00000000000006,12.94468768088325,Severe,Engineer review; Epoxy injection (structural); Staple/dowel stitching; Section repair/jacketing/FRP; Mitigate load/moisture
7Q3A9060-9.jpg,851.0,0.38199999928474426,2.0757200717926025,7.336640357971191,285.0400000000001,12.767877735374881,Severe,Engineer review; Epoxy injection (structural); Staple/dowel stitching; Section repair/jacketing/FRP; Mitigate load/moisture
7Q3A9064-1.jpg,839.2,0.38199999928474426,2.2920000553131104,7.668080806732178,274.72,12.854094697614684,Severe,Engineer review; Epoxy injection (structural); Staple/dowel stitching; Section repair/jacketing/FRP; Mitigate load/moisture
7Q3A9064-10.jpg,1587.8000000000002,1.0954400300979614,16.800962448120117,27.869131088256836,807.1600000000002,8.033024889417783,Severe,Engineer review; Epoxy injection (structural); Staple/dowel stitching; Section repair/jacketing/FRP; Mitigate load/moisture
7Q3A9064-11.jpg,981.6,0.38199999928474426,2.2920000553131104,7.718640327453613,332.00000000000006,12.166593037583437,Severe,Engineer review; Epoxy injection (structural); Staple/dowel stitching; Section repair/jacketing/FRP; Mitigate load/moisture
7Q3A9064-12.jpg,829.2,0.38199999928474426,2.2414400577545166,7.668080806732178,282.00000000000006,12.843179717079359,Severe,Engineer review; Epoxy injection (structural); Staple/dowel stitching; Section repair/jacketing/FRP; Mitigate load/moisture
7Q3A9064-13.jpg,839.4000000000001,0.38199999928474426,2.190880060195923,6.572640419006348,278.20000000000005,12.83529902657812,Severe,Engineer review; Epoxy injection (structural); Staple/dowel stitching; Section repair/jacketing/FRP; Mitigate load/moisture
7Q3A9064-14.jpg,847.6,0.38199999928474426,2.2920000553131104,7.668080806732178,275.1600000000001,12.828927730011848,Severe,Engineer review; Epoxy injection (structural); Staple/dowel stitching; Section repair/jacketing/FRP; Mitigate load/moisture
7Q3A9064-15.jpg,851.6,0.38199999928474426,2.2920000553131104,7.668080806732178,276.4800000000001,12.811129025757655,Severe,Engineer review; Epoxy injection (structural); Staple/dowel stitching; Section repair/jacketing/FRP; Mitigate load/moisture
7Q3A9064-16.jpg,832.8000000000001,0.38199999928474426,2.190880060195923,7.336640357971191,275.32000000000005,12.868342548354978,Severe,Engineer review; Epoxy injection (structural); Staple/dowel stitching; Section repair/jacketing/FRP; Mitigate load/moisture
7Q3A9064-17.jpg,818.4000000000001,0.38199999928474426,2.0757200717926025,7.336640357971191,270.24000000000007,12.93410101655591,Severe,Engineer review; Epoxy injection (structural); Staple/dowel stitching; Section repair/jacketing/FRP; Mitigate load/moisture
7Q3A9064-18.jpg,826.6,0.38199999928474426,2.190880060195923,7.336640357971191,277.4800000000001,12.873907997299721,Severe,Engineer review; Epoxy injection (structural); Staple/dowel stitching; Section repair/jacketing/FRP; Mitigate load/moisture
7Q3A9064-19.jpg,849.0,0.38199999928474426,2.2920000553131104,7.668080806732178,275.08000000000004,12.825536086070645,Severe,Engineer review; Epoxy injection (structural); Staple/dowel stitching; Section repair/jacketing/FRP; Mitigate load/moisture
7Q3A9064-2.jpg,835.6,0.38199999928474426,2.200977325439453,7.336640357971191,272.68000000000006,12.874547501974103,Severe,Engineer review; Epoxy injection (structural); Staple/dowel stitching; Section repair/jacketing/FRP; Mitigate load/moisture
7Q3A9064-20.jpg,834.4000000000001,0.38199999928474426,2.025160074234009,6.572640419006348,270.24000000000007,12.890537141777077,Severe,Engineer review; Epoxy injection (structural); Staple/dowel stitching; Section repair/jacketing/FRP; Mitigate load/moisture
7Q3A9064-3.jpg,849.2,0.38199999928474426,2.0757200717926025,7.336640357971191,273.16,12.834980451466521,Severe,Engineer review; Epoxy injection (structural); Staple/dowel stitching; Section repair/jacketing/FRP; Mitigate load/moisture
7Q3A9064-4.jpg,839.4000000000001,0.38199999928474426,2.116037368774414,7.336640357971191,275.76000000000005,12.848052552282496,Severe,Engineer review; Epoxy injection (structural); Staple/dowel stitching; Section repair/jacketing/FRP; Mitigate load/moisture
7Q3A9064-5.jpg,837.4000000000001,0.38199999928474426,2.2920000553131104,7.718640327453613,287.12000000000006,12.794067757138569,Severe,Engineer review; Epoxy injection (structural); Staple/dowel stitching; Section repair/jacketing/FRP; Mitigate load/moisture
7Q3A9064-6.jpg,1410.6000000000001,0.5477200150489807,3.1205999851226807,7.668080806732178,527.8800000000001,9.973562368839131,Severe,Engineer review; Epoxy injection (structural); Staple/dowel stitching; Section repair/jacketing/FRP; Mitigate load/moisture
7Q3A9064-7.jpg,2437.8,0.7639999985694885,11.437521934509277,24.481691360473633,1087.1200000000001,4.252031609413706,Severe,Engineer review; Epoxy injection (structural); Staple/dowel stitching; Section repair/jacketing/FRP; Mitigate load/moisture
7Q3A9064-8.jpg,1467.4,0.38199999928474426,3.6683201789855957,11.502123832702637,534.1600000000001,9.786245046040921,Severe,Engineer review; Epoxy injection (structural); Staple/dowel stitching; Section repair/jacketing/FRP; Mitigate load/moisture
7Q3A9064-9.jpg,1428.8000000000002,0.7639999985694885,9.066880226135254,17.909048080444336,609.8000000000001,9.496863382833324,Severe,Engineer review; Epoxy injection (structural); Staple/dowel stitching; Section repair/jacketing/FRP; Mitigate load/moisture
IMG108.jpg,790.0,0.38199999928474426,2.4071600437164307,7.718640327453613,288.40000000000003,12.916413375056813,Severe,Engineer review; Epoxy injection (structural); Staple/dowel stitching; Section repair/jacketing/FRP; Mitigate load/moisture
IMG11-1.jpg,2624.0,0.5477200150489807,6.277719974517822,14.457003593444824,1091.1600000000003,3.7225432835862993,Severe,Engineer review; Epoxy injection (structural); Staple/dowel stitching; Section repair/jacketing/FRP; Mitigate load/moisture
IMG11-2.jpg,1731.0,0.5477200150489807,5.794600009918213,14.457003593444824,689.0400000000001,8.258461847610333,Severe,Engineer review; Epoxy injection (structural); Staple/dowel stitching; Section repair/jacketing/FRP; Mitigate load/moisture
IMG11-3.jpg,2210.8,0.5477200150489807,5.412600040435791,10.78868293762207,884.8800000000002,5.927012834575709,Severe,Engineer review; Epoxy injection (structural); Staple/dowel stitching; Section repair/jacketing/FRP; Mitigate load/moisture
IMG11-4.jpg,2172.0,0.38199999928474426,7.387200355529785,19.524124145507812,784.9200000000002,6.556595164893267,Severe,Engineer review; Epoxy injection (structural); Staple/dowel stitching; Section repair/jacketing/FRP; Mitigate load/moisture
IMG11-5.jpg,1289.0,0.5477200150489807,5.269641876220703,14.125563621520996,511.6800000000001,10.389995900925753,Severe,Engineer review; Epoxy injection (structural); Staple/dowel stitching; Section repair/jacketing/FRP; Mitigate load/moisture
IMG11-6.jpg,1038.8,0.5477200150489807,3.769440174102783,9.527522087097168,412.0400000000001,11.592257587137539,Severe,Engineer review; Epoxy injection (structural); Staple/dowel stitching; Section repair/jacketing/FRP; Mitigate load/moisture
IMG12-1.jpg,1638.6000000000001,0.38199999928474426,2.8397200107574463,8.597801208496094,597.9200000000001,8.986179751195161,Severe,Engineer review; Epoxy injection (structural); Staple/dowel stitching; Section repair/jacketing/FRP; Mitigate load/moisture
IMG12-2.jpg,3224.4,0.7639999985694885,9.283160209655762,18.074766159057617,1426.1600000000003,0.3352136750621426,Severe,Engineer review; Epoxy injection (structural); Staple/dowel stitching; Section repair/jacketing/FRP; Mitigate load/moisture
IMG12.jpg,2824.6000000000004,0.5477200150489807,11.092040061950684,24.987287521362305,1163.9200000000003,2.7970123965871014,Severe,Engineer review; Epoxy injection (structural); Staple/dowel stitching; Section repair/jacketing/FRP; Mitigate load/moisture
IMG13-1.jpg,1146.4,0.38199999928474426,1.6937201023101807,5.8592000007629395,365.64000000000004,11.54172360795645,Severe,Engineer review; Epoxy injection (structural); Staple/dowel stitching; Section repair/jacketing/FRP; Mitigate load/moisture
IMG13-2.jpg,1151.2,0.38199999928474426,1.6937201023101807,5.8592000007629395,372.7200000000001,11.491588202699177,Severe,Engineer review; Epoxy injection (structural); Staple/dowel stitching; Section repair/jacketing/FRP; Mitigate load/moisture
IMG13-3.jpg,1174.6000000000001,0.38199999928474426,1.6937201023101807,5.8592000007629395,375.6400000000001,11.412608971067424,Severe,Engineer review; Epoxy injection (structural); Staple/dowel stitching; Section repair/jacketing/FRP; Mitigate load/moisture
IMG13-4.jpg,1204.4,0.38199999928474426,1.6937201023101807,5.8592000007629395,379.1600000000001,11.313068618260367,Severe,Engineer review; Epoxy injection (structural); Staple/dowel stitching; Section repair/jacketing/FRP; Mitigate load/moisture
IMG13-5.jpg,1171.8,0.38199999928474426,1.6937201023101807,5.527760028839111,373.9200000000001,11.42923590616348,Severe,Engineer review; Epoxy injection (structural); Staple/dowel stitching; Section repair/jacketing/FRP; Mitigate load/moisture
IMG13-6.jpg,1159.6000000000001,0.38199999928474426,1.6937201023101807,5.8592000007629395,368.56000000000006,11.490506754874417,Severe,Engineer review; Epoxy injection (structural); Staple/dowel stitching; Section repair/jacketing/FRP; Mitigate load/moisture
IMG13-7.jpg,1152.0,0.38199999928474426,1.6937201023101807,5.8592000007629395,367.2800000000001,11.517894506373153,Severe,Engineer review; Epoxy injection (structural); Staple/dowel stitching; Section repair/jacketing/FRP; Mitigate load/moisture
IMG136.jpg,1159.0,0.5477200150489807,9.145522117614746,17.41188621520996,449.68000000000006,11.069614443382857,Severe,Engineer review; Epoxy injection (structural); Staple/dowel stitching; Section repair/jacketing/FRP; Mitigate load/moisture
IMG14-1.jpg,2257.6,0.38199999928474426,3.2217202186584473,9.196081161499023,756.8400000000001,6.469395752877679,Severe,Engineer review; Epoxy injection (structural); Staple/dowel stitching; Section repair/jacketing/FRP; Mitigate load/moisture
IMG14-2.jpg,1769.2,0.38199999928474426,6.075479984283447,12.46835994720459,659.6800000000002,8.308301050583903,Severe,Engineer review; Epoxy injection (structural); Staple/dowel stitching; Section repair/jacketing/FRP; Mitigate load/moisture
IMG14-3.jpg,964.8000000000001,0.5477200150489807,3.2217202186584473,8.482641220092773,370.32000000000005,12.01195312322901,Severe,Engineer review; Epoxy injection (structural); Staple/dowel stitching; Section repair/jacketing/FRP; Mitigate load/moisture
IMG14-4.jpg,904.2,0.38199999928474426,2.6740000247955322,7.336640357971191,325.4000000000001,12.411931659073737,Severe,Engineer review; Epoxy injection (structural); Staple/dowel stitching; Section repair/jacketing/FRP; Mitigate load/moisture
IMG16.jpg,1373.8000000000002,0.38199999928474426,4.381760120391846,11.502123832702637,517.6000000000001,10.127925873445097,Severe,Engineer review; Epoxy injection (structural); Staple/dowel stitching; Section repair/jacketing/FRP; Mitigate load/moisture
IMG17.jpg,1508.6000000000001,0.38199999928474426,6.342319965362549,15.603004455566406,576.5600000000001,9.452896881373407,Severe,Engineer review; Epoxy injection (structural); Staple/dowel stitching; Section repair/jacketing/FRP; Mitigate load/moisture
IMG18.jpg,931.6,0.38199999928474426,2.190880060195923,7.336640357971191,306.68000000000006,12.435228115581575,Severe,Engineer review; Epoxy injection (structural); Staple/dowel stitching; Section repair/jacketing/FRP; Mitigate load/moisture
IMG19.jpg,834.4000000000001,0.38199999928474426,2.0757200717926025,7.336640357971191,270.9200000000001,12.886991719317209,Severe,Engineer review; Epoxy injection (structural); Staple/dowel stitching; Section repair/jacketing/FRP; Mitigate load/moisture
IMG20.jpg,832.6,0.38199999928474426,2.0757200717926025,7.336640357971191,269.64000000000004,12.898593020268066,Severe,Engineer review; Epoxy injection (structural); Staple/dowel stitching; Section repair/jacketing/FRP; Mitigate load/moisture
IMG21.jpg,797.2,0.38199999928474426,2.025160074234009,6.572640419006348,260.00000000000006,13.045404630848008,Severe,Engineer review; Epoxy injection (structural); Staple/dowel stitching; Section repair/jacketing/FRP; Mitigate load/moisture
IMG25-1.jpg,1214.0,0.7639999985694885,6.111999988555908,13.361563682556152,523.1200000000001,10.534482066375402,Severe,Engineer review; Epoxy injection (structural); Staple/dowel stitching; Section repair/jacketing/FRP; Mitigate load/moisture
IMG25-10.jpg,2001.4,0.7639999985694885,11.794950485229492,20.18700408935547,860.6400000000002,6.6257776171924725,Severe,Engineer review; Epoxy injection (structural); Staple/dowel stitching; Section repair/jacketing/FRP; Mitigate load/moisture
IMG25-2.jpg,834.8000000000001,0.38199999928474426,2.190880060195923,7.336640357971191,273.40000000000003,12.872952031233845,Severe,Engineer review; Epoxy injection (structural); Staple/dowel stitching; Section repair/jacketing/FRP; Mitigate load/moisture
IMG25-3.jpg,845.2,0.38199999928474426,2.4577200412750244,8.482640266418457,293.96000000000004,12.737072897315237,Severe,Engineer review; Epoxy injection (structural); Staple/dowel stitching; Section repair/jacketing/FRP; Mitigate load/moisture
IMG25-4.jpg,787.8000000000001,0.38199999928474426,2.4349582195281982,7.668080806732178,288.40000000000003,12.922409611259322,Severe,Engineer review; Epoxy injection (structural); Staple/dowel stitching; Section repair/jacketing/FRP; Mitigate load/moisture
IMG25-5.jpg,975.0,0.38199999928474426,2.2414400577545166,7.668080806732178,342.24000000000007,12.130925422485937,Severe,Engineer review; Epoxy injection (structural); Staple/dowel stitching; Section repair/jacketing/FRP; Mitigate load/moisture
IMG25-6.jpg,1160.8,0.38199999928474426,2.7891600131988525,8.597801208496094,403.80000000000007,11.303050549075667,Severe,Engineer review; Epoxy injection (structural); Staple/dowel stitching; Section repair/jacketing/FRP; Mitigate load/moisture
IMG25-7.jpg,2476.2000000000003,0.38199999928474426,2.4577200412750244,7.668080806732178,795.8800000000001,5.669769764437408,Severe,Engineer review; Epoxy injection (structural); Staple/dowel stitching; Section repair/jacketing/FRP; Mitigate load/moisture
IMG25-8.jpg,3135.4,0.38199999928474426,7.120360851287842,18.83876609802246,1215.2400000000002,1.6811838711451017,Severe,Engineer review; Epoxy injection (structural); Staple/dowel stitching; Section repair/jacketing/FRP; Mitigate load/moisture
IMG25-9.jpg,2593.6000000000004,0.5477200150489807,6.825440406799316,13.361563682556152,1018.2000000000002,4.187466337531092,Severe,Engineer review; Epoxy injection (structural); Staple/dowel stitching; Section repair/jacketing/FRP; Mitigate load/moisture
IMG27-1.jpg,1655.4,0.38199999928474426,3.985720157623291,8.18772029876709,612.5600000000002,8.86413972352374,Severe,Engineer review; Epoxy injection (structural); Staple/dowel stitching; Section repair/jacketing/FRP; Mitigate load/moisture
IMG27-10.jpg,1749.4,0.5477200150489807,5.8957200050354,12.864402770996094,667.4400000000002,8.32150800881632,Severe,Engineer review; Epoxy injection (structural); Staple/dowel stitching; Section repair/jacketing/FRP; Mitigate load/moisture
IMG27-11.jpg,1661.0,0.38199999928474426,2.2414400577545166,6.572640419006348,524.4800000000001,9.309563913109898,Severe,Engineer review; Epoxy injection (structural); Staple/dowel stitching; Section repair/jacketing/FRP; Mitigate load/moisture
IMG27-12.jpg,2165.4,0.38199999928474426,9.74380111694336,20.619565963745117,803.9200000000002,6.4757766672342285,Severe,Engineer review; Epoxy injection (structural); Staple/dowel stitching; Section repair/jacketing/FRP; Mitigate load/moisture
IMG27-13.jpg,1475.6000000000001,0.38199999928474426,3.6683201789855957,7.207440376281738,517.6800000000001,9.850215263724643,Severe,Engineer review; Epoxy injection (structural); Staple/dowel stitching; Section repair/jacketing/FRP; Mitigate load/moisture
IMG27-2.jpg,1353.2,0.38199999928474426,2.6740000247955322,6.4434404373168945,471.7600000000001,10.423504234974818,Severe,Engineer review; Epoxy injection (structural); Staple/dowel stitching; Section repair/jacketing/FRP; Mitigate load/moisture
IMG27-3.jpg,1346.4,0.38199999928474426,3.985720157623291,11.170682907104492,493.3200000000001,10.32951504597926,Severe,Engineer review; Epoxy injection (structural); Staple/dowel stitching; Section repair/jacketing/FRP; Mitigate load/moisture
IMG27-4.jpg,1368.0,0.38199999928474426,2.4577200412750244,7.668080806732178,474.1600000000001,10.37059084915799,Severe,Engineer review; Epoxy injection (structural); Staple/dowel stitching; Section repair/jacketing/FRP; Mitigate load/moisture
IMG27-5.jpg,1740.6000000000001,0.5477200150489807,8.18772029876709,17.74332618713379,668.0400000000001,8.34300033041585,Severe,Engineer review; Epoxy injection (structural); Staple/dowel stitching; Section repair/jacketing/FRP; Mitigate load/moisture
IMG27-6.jpg,2216.4,0.38199999928474426,3.985720157623291,7.373159885406494,761.8800000000001,6.5553719873627205,Severe,Engineer review; Epoxy injection (structural); Staple/dowel stitching; Section repair/jacketing/FRP; Mitigate load/moisture
IMG27-7.jpg,2267.8,0.38199999928474426,4.367720127105713,11.004961967468262,790.7200000000001,6.264579312674986,Severe,Engineer review; Epoxy injection (structural); Staple/dowel stitching; Section repair/jacketing/FRP; Mitigate load/moisture
IMG27-8.jpg,1808.8000000000002,0.38199999928474426,3.603720188140869,9.145522117614746,615.6800000000001,8.430165383130234,Severe,Engineer review; Epoxy injection (structural); Staple/dowel stitching; Section repair/jacketing/FRP; Mitigate load/moisture
IMG27-9.jpg,1344.0,0.38199999928474426,2.5728800296783447,7.603479862213135,472.6400000000001,10.443907055690264,Severe,Engineer review; Epoxy injection (structural); Staple/dowel stitching; Section repair/jacketing/FRP; Mitigate load/moisture
IMG33-1.jpg,4432.8,0.38199999928474426,7.668080806732178,19.85557746887207,1546.4800000000002,-3.5842856807230987,Severe,Engineer review; Epoxy injection (structural); Staple/dowel stitching; Section repair/jacketing/FRP; Mitigate load/moisture
IMG33-10.jpg,1185.2,0.7639999985694885,11.170682907104492,20.4819278717041,511.4400000000001,10.675531601638385,Severe,Engineer review; Epoxy injection (structural); Staple/dowel stitching; Section repair/jacketing/FRP; Mitigate load/moisture
IMG33-11.jpg,978.0,0.5477200150489807,6.788919925689697,14.457003593444824,398.6000000000001,11.829013282324784,Severe,Engineer review; Epoxy injection (structural); Staple/dowel stitching; Section repair/jacketing/FRP; Mitigate load/moisture
IMG33-12.jpg,892.6,0.5477200150489807,4.100880146026611,10.673521995544434,344.4800000000001,12.344026624951372,Severe,Engineer review; Epoxy injection (structural); Staple/dowel stitching; Section repair/jacketing/FRP; Mitigate load/moisture
IMG33-13.jpg,875.2,0.5477200150489807,5.578320026397705,12.597563743591309,365.20000000000005,12.283336075588036,Severe,Engineer review; Epoxy injection (structural); Staple/dowel stitching; Section repair/jacketing/FRP; Mitigate load/moisture
IMG33-14.jpg,919.0,0.5477200150489807,2.6234400272369385,8.864640235900879,338.68000000000006,12.30210009807443,Severe,Engineer review; Epoxy injection (structural); Staple/dowel stitching; Section repair/jacketing/FRP; Mitigate load/moisture
IMG33-15.jpg,2832.0,0.5477200150489807,9.030360221862793,16.417570114135742,1168.3200000000002,2.7532192236612474,Severe,Engineer review; Epoxy injection (structural); Staple/dowel stitching; Section repair/jacketing/FRP; Mitigate load/moisture
IMG33-16.jpg,4708.2,0.38199999928474426,3.438000202178955,11.502123832702637,1377.9600000000003,-3.452760910973783,Severe,Engineer review; Epoxy injection (structural); Staple/dowel stitching; Section repair/jacketing/FRP; Mitigate load/moisture
IMG33-17.jpg,3873.6000000000004,0.38199999928474426,4.648600101470947,12.26612377166748,1234.4000000000003,-0.42910720558421644,Severe,Engineer review; Epoxy injection (structural); Staple/dowel stitching; Section repair/jacketing/FRP; Mitigate load/moisture
IMG33-18.jpg,1410.4,0.5477200150489807,3.055999994277954,7.718640327453613,529.4800000000001,9.96570993339337,Severe,Engineer review; Epoxy injection (structural); Staple/dowel stitching; Section repair/jacketing/FRP; Mitigate load/moisture
IMG33-2.jpg,3195.0,0.9297200441360474,11.243720054626465,17.86692237854004,1520.4000000000003,-0.07762092312819746,Severe,Engineer review; Epoxy injection (structural); Staple/dowel stitching; Section repair/jacketing/FRP; Mitigate load/moisture
IMG33-3.jpg,2673.0,0.5477200150489807,11.15664005279541,21.130765914916992,1125.4800000000002,3.4109279456233246,Severe,Engineer review; Epoxy injection (structural); Staple/dowel stitching; Section repair/jacketing/FRP; Mitigate load/moisture
IMG33-4.jpg,2931.6000000000004,0.5477200150489807,8.35344123840332,15.552444458007812,1194.8000000000002,2.343277506279305,Severe,Engineer review; Epoxy injection (structural); Staple/dowel stitching; Section repair/jacketing/FRP; Mitigate load/moisture
IMG33-5.jpg,3787.6000000000004,0.38199999928474426,4.864880084991455,11.884123802185059,1241.7200000000003,-0.23329528077067607,Severe,Engineer review; Epoxy injection (structural); Staple/dowel stitching; Section repair/jacketing/FRP; Mitigate load/moisture
IMG33-6.jpg,4587.2,0.38199999928474426,5.693480014801025,14.622725486755371,1556.2400000000002,-4.0562226744599705,Severe,Engineer review; Epoxy injection (structural); Staple/dowel stitching; Section repair/jacketing/FRP; Mitigate load/moisture
IMG33-7.jpg,3352.4,0.7639999985694885,10.645440101623535,17.895004272460938,1489.4800000000002,-0.34431398519480894,Severe,Engineer review; Epoxy injection (structural); Staple/dowel stitching; Section repair/jacketing/FRP; Mitigate load/moisture
IMG33-8.jpg,2788.8,0.5477200150489807,9.94883918762207,19.05504608154297,1194.2800000000002,2.735148276601187,Severe,Engineer review; Epoxy injection (structural); Staple/dowel stitching; Section repair/jacketing/FRP; Mitigate load/moisture
IMG33-9.jpg,2545.4,1.3117200136184692,11.653800964355469,18.976408004760742,1263.3600000000004,3.036440527751111,Severe,Engineer review; Epoxy injection (structural); Staple/dowel stitching; Section repair/jacketing/FRP; Mitigate load/moisture
IMG36-1.jpg,836.6,0.38199999928474426,2.025160074234009,6.572640419006348,268.56000000000006,12.893345628477718,Severe,Engineer review; Epoxy injection (structural); Staple/dowel stitching; Section repair/jacketing/FRP; Mitigate load/moisture
IMG36-2.jpg,852.8000000000001,0.38199999928474426,2.2439582347869873,7.668080806732178,278.40000000000003,12.797795480739005,Severe,Engineer review; Epoxy injection (structural); Staple/dowel stitching; Section repair/jacketing/FRP; Mitigate load/moisture
IMG36-3.jpg,837.6,0.38199999928474426,2.5728800296783447,8.597801208496094,293.7200000000001,12.7590494963451,Severe,Engineer review; Epoxy injection (structural); Staple/dowel stitching; Section repair/jacketing/FRP; Mitigate load/moisture
IMG39-1.jpg,6461.200000000001,1.3117200136184692,17.68716812133789,32.1722526550293,3089.8000000000006,-17.183003607398938,Severe,Engineer review; Epoxy injection (structural); Staple/dowel stitching; Section repair/jacketing/FRP; Mitigate load/moisture
IMG39-2.jpg,4373.2,1.3117200136184692,11.386961936950684,26.06024742126465,2154.0000000000005,-6.601923750079685,Severe,Engineer review; Epoxy injection (structural); Staple/dowel stitching; Section repair/jacketing/FRP; Mitigate load/moisture
IMG49.jpg,8132.0,11.257760047912598,38.5870361328125,71.08837127685547,7332.920000000001,-43.941273009732384,Severe,Engineer review; Epoxy injection (structural); Staple/dowel stitching; Section repair/jacketing/FRP; Mitigate load/moisture
IMG5.jpg,1438.6000000000001,0.38199999928474426,3.8846001625061035,8.26636028289795,508.7600000000001,9.997691256208526,Severe,Engineer review; Epoxy injection (structural); Staple/dowel stitching; Section repair/jacketing/FRP; Mitigate load/moisture
IMG56.jpg,1339.4,0.38199999928474426,1.9100000858306885,6.572640419006348,408.2000000000001,10.793636799950372,Severe,Engineer review; Epoxy injection (structural); Staple/dowel stitching; Section repair/jacketing/FRP; Mitigate load/moisture
IMG74.jpg,1070.0,0.38199999928474426,3.603720188140869,8.814081192016602,386.80000000000007,11.639444255147787,Severe,Engineer review; Epoxy injection (structural); Staple/dowel stitching; Section repair/jacketing/FRP; Mitigate load/moisture
IMG88.jpg,2505.0,0.38199999928474426,4.763760089874268,9.145522117614746,941.4000000000002,4.830127922957558,Severe,Engineer review; Epoxy injection (structural); Staple/dowel stitching; Section repair/jacketing/FRP; Mitigate load/moisture
IMG_6536-6.jpg,1194.2,0.5477200150489807,3.2217202186584473,8.763522148132324,448.2000000000001,10.97979346423429,Severe,Engineer review; Epoxy injection (structural); Staple/dowel stitching; Section repair/jacketing/FRP; Mitigate load/moisture
demo_000.png,1104.8,0.9297200441360474,3.603720188140869,9.145522117614746,641.2000000000002,10.212691588481702,Severe,Engineer review; Epoxy injection (structural); Staple/dowel stitching; Section repair/jacketing/FRP; Mitigate load/moisture
demo_001.png,1097.6000000000001,0.9297200441360474,3.5026001930236816,9.145522117614746,646.0800000000002,10.206706875318144,Severe,Engineer review; Epoxy injection (structural); Staple/dowel stitching; Section repair/jacketing/FRP; Mitigate load/moisture
demo_002.png,1079.0,0.9297200441360474,3.5531601905822754,9.145522117614746,650.2000000000002,10.235775186676275,Severe,Engineer review; Epoxy injection (structural); Staple/dowel stitching; Section repair/jacketing/FRP; Mitigate load/moisture
demo_003.png,1118.8,0.9297200441360474,3.6683201789855957,9.145522117614746,639.7600000000001,10.182145401621115,Severe,Engineer review; Epoxy injection (structural); Staple/dowel stitching; Section repair/jacketing/FRP; Mitigate load/moisture
demo_004.png,1074.6000000000001,0.9297200441360474,3.603720188140869,9.145522117614746,650.2800000000001,10.247347281754514,Severe,Engineer review; Epoxy injection (structural); Staple/dowel stitching; Section repair/jacketing/FRP; Mitigate load/moisture
demo_005.png,1091.8,0.9297200441360474,3.603720188140869,9.145522117614746,650.2800000000001,10.200532290474602,Severe,Engineer review; Epoxy injection (structural); Staple/dowel stitching; Section repair/jacketing/FRP; Mitigate load/moisture
demo_006.png,1091.6000000000001,0.9297200441360474,3.603720188140869,9.145522117614746,649.3200000000002,10.206103194096354,Severe,Engineer review; Epoxy injection (structural); Staple/dowel stitching; Section repair/jacketing/FRP; Mitigate load/moisture
demo_007.png,1109.6000000000001,0.9297200441360474,3.632802724838257,9.145522117614746,642.8800000000001,10.190839143453513,Severe,Engineer review; Epoxy injection (structural); Staple/dowel stitching; Section repair/jacketing/FRP; Mitigate load/moisture
demo_008.png,1085.8,0.9297200441360474,3.5026001930236816,9.145522117614746,648.0800000000002,10.228352171656717,Severe,Engineer review; Epoxy injection (structural); Staple/dowel stitching; Section repair/jacketing/FRP; Mitigate load/moisture
demo_009.png,1083.2,0.9297200441360474,3.5531601905822754,9.145522117614746,647.2000000000002,10.24005156671951,Severe,Engineer review; Epoxy injection (structural); Staple/dowel stitching; Section repair/jacketing/FRP; Mitigate load/moisture
demo_010.png,1084.0,0.9297200441360474,3.5531601905822754,9.145522117614746,646.6000000000001,10.241015714800902,Severe,Engineer review; Epoxy injection (structural); Staple/dowel stitching; Section repair/jacketing/FRP; Mitigate load/moisture
demo_011.png,1121.4,0.9297200441360474,3.5531601905822754,9.145522117614746,641.0400000000001,10.168332389821384,Severe,Engineer review; Epoxy injection (structural); Staple/dowel stitching; Section repair/jacketing/FRP; Mitigate load/moisture
demo_012.png,1078.2,0.9297200441360474,3.603720188140869,9.145522117614746,652.2800000000001,10.227076830086654,Severe,Engineer review; Epoxy injection (structural); Staple/dowel stitching; Section repair/jacketing/FRP; Mitigate load/moisture
demo_013.png,1115.8,0.9297200441360474,3.603720188140869,9.145522117614746,641.9200000000001,10.17898186103358,Severe,Engineer review; Epoxy injection (structural); Staple/dowel stitching; Section repair/jacketing/FRP; Mitigate load/moisture
demo_014.png,1105.6000000000001,0.9297200441360474,3.6683201789855957,9.145522117614746,642.9200000000001,10.201527480735606,Severe,Engineer review; Epoxy injection (structural); Staple/dowel stitching; Section repair/jacketing/FRP; Mitigate load/moisture
demo_015.png,1066.6000000000001,0.9297200441360474,3.5531601905822754,9.145522117614746,648.1200000000001,10.28041637295265,Severe,Engineer review; Epoxy injection (structural); Staple/dowel stitching; Section repair/jacketing/FRP; Mitigate load/moisture
demo_016.png,1096.8,0.9297200441360474,3.603720188140869,9.145522117614746,648.3600000000001,10.196976367897669,Severe,Engineer review; Epoxy injection (structural); Staple/dowel stitching; Section repair/jacketing/FRP; Mitigate load/moisture
demo_017.png,1089.2,0.9297200441360474,3.5531601905822754,9.145522117614746,648.8400000000001,10.215133744408773,Severe,Engineer review; Epoxy injection (structural); Staple/dowel stitching; Section repair/jacketing/FRP; Mitigate load/moisture
demo_018.png,1096.8,0.9297200441360474,3.5531601905822754,9.145522117614746,648.0400000000001,10.198636836635776,Severe,Engineer review; Epoxy injection (structural); Staple/dowel stitching; Section repair/jacketing/FRP; Mitigate load/moisture
demo_019.png,1082.6000000000001,0.9297200441360474,3.603720188140869,9.145522117614746,647.8800000000001,10.2381392253508,Severe,Engineer review; Epoxy injection (structural); Staple/dowel stitching; Section repair/jacketing/FRP; Mitigate load/moisture
demo_020.png,1112.2,0.9297200441360474,3.5531601905822754,9.145522117614746,636.7200000000001,10.215992411213648,Severe,Engineer review; Epoxy injection (structural); Staple/dowel stitching; Section repair/jacketing/FRP; Mitigate load/moisture
demo_021.png,1083.2,0.9297200441360474,3.5531601905822754,9.145522117614746,644.7200000000001,10.25303680346943,Severe,Engineer review; Epoxy injection (structural); Staple/dowel stitching; Section repair/jacketing/FRP; Mitigate load/moisture
demo_022.png,1077.8,0.9297200441360474,3.5531601905822754,9.145522117614746,647.3200000000002,10.254120978632695,Severe,Engineer review; Epoxy injection (structural); Staple/dowel stitching; Section repair/jacketing/FRP; Mitigate load/moisture
demo_023.png,1102.0,0.9297200441360474,3.5026001930236816,9.145522117614746,641.9600000000002,10.216303195465365,Severe,Engineer review; Epoxy injection (structural); Staple/dowel stitching; Section repair/jacketing/FRP; Mitigate load/moisture
demo_024.png,1074.6000000000001,0.9297200441360474,3.5026001930236816,8.814081192016602,649.0000000000001,10.254019248069419,Severe,Engineer review; Epoxy injection (structural); Staple/dowel stitching; Section repair/jacketing/FRP; Mitigate load/moisture
demo_025.png,1084.8,0.9297200441360474,3.5531601905822754,9.145522117614746,650.4800000000001,10.218522661011471,Severe,Engineer review; Epoxy injection (structural); Staple/dowel stitching; Section repair/jacketing/FRP; Mitigate load/moisture
demo_026.png,1088.8,0.9297200441360474,3.603720188140869,9.145522117614746,648.3200000000002,10.218960221748883,Severe,Engineer review; Epoxy injection (structural); Staple/dowel stitching; Section repair/jacketing/FRP; Mitigate load/moisture
demo_027.png,1107.4,0.9297200441360474,3.5531601905822754,9.145522117614746,646.4000000000001,10.17837274875776,Severe,Engineer review; Epoxy injection (structural); Staple/dowel stitching; Section repair/jacketing/FRP; Mitigate load/moisture
demo_028.png,1083.8,0.9297200441360474,3.5026001930236816,9.145522117614746,647.5600000000002,10.23651848622535,Severe,Engineer review; Epoxy injection (structural); Staple/dowel stitching; Section repair/jacketing/FRP; Mitigate load/moisture
demo_029.png,1076.8,0.9297200441360474,3.603720188140869,9.145522117614746,648.7200000000001,10.2495274505479,Severe,Engineer review; Epoxy injection (structural); Staple/dowel stitching; Section repair/jacketing/FRP; Mitigate load/moisture
